Settings,url
high-low,https://github.com/ToszaPlaskovickaja/Term_paper/blob/master/data/10030--скучать--MVI_1147.mp4?raw=true
contra-ipsi,https://github.com/ToszaPlaskovickaja/Term_paper/blob/master/data/10093--система мониторинга--MVI_1265.mp4?raw=true
contra-ipsi,https://github.com/ToszaPlaskovickaja/Term_paper/blob/master/data/10170--двигаться--MVI_1360.mp4?raw=true
NA,https://github.com/ToszaPlaskovickaja/Term_paper/blob/master/data/10201--мямлить--MVI_1402.mp4?raw=true
far-near,https://github.com/ToszaPlaskovickaja/Term_paper/blob/master/data/10221--должен--MVI_1425.mp4?raw=true
low-high,https://github.com/ToszaPlaskovickaja/Term_paper/blob/master/data/10244--назвать--MVI_1454.mp4?raw=true
contra-ipsi,https://github.com/ToszaPlaskovickaja/Term_paper/blob/master/data/10250--рассказывать--MVI_1463.mp4?raw=true
low-high,https://github.com/ToszaPlaskovickaja/Term_paper/blob/master/data/10281--тошнить--MVI_1500.mp4?raw=true
near-far,"https://github.com/ToszaPlaskovickaja/Term_paper/blob/master/data/10307--игнорировать, не обращать внимания--MVI_1531.mp4?raw=true"
high-low,https://github.com/ToszaPlaskovickaja/Term_paper/blob/master/data/10386--кивать--MVI_1636.mp4?raw=true
NA,https://github.com/ToszaPlaskovickaja/Term_paper/blob/master/data//10426--записывать--MVI_1697.mp4?raw=true
near-far,https://github.com/ToszaPlaskovickaja/Term_paper/blob/master/data/10524--оскорблять--MVI_1830.mp4?raw=true
near-far,https://github.com/ToszaPlaskovickaja/Term_paper/blob/master/data/10524--оскорблять--MVI_1829.mp4?raw=true
low-high,https://github.com/ToszaPlaskovickaja/Term_paper/blob/master/data//10529--предлагать--MVI_1836.mp4?raw=true
NA,https://github.com/ToszaPlaskovickaja/Term_paper/blob/master/data//10564--пропустить--MVI_1891.mp4?raw=true
near-far,https://github.com/ToszaPlaskovickaja/Term_paper/blob/master/data//10592--открыть бутылку--MVI_1933.mp4?raw=true
NA,"https://github.com/ToszaPlaskovickaja/Term_paper/blob/master/data/10609--подавлять, унижать--MVI_1952.mp4?raw=true"
proxi-distal,https://github.com/ToszaPlaskovickaja/Term_paper/blob/master/data//10667--ориентироваться--MVI_2027.mp4?raw=true
high-low,https://github.com/ToszaPlaskovickaja/Term_paper/blob/master/data//10677--происходить--MVI_2037.mp4?raw=true
far-near,https://github.com/ToszaPlaskovickaja/Term_paper/blob/master/data//10697--должен--MVI_2065.mp4?raw=true
far-near,https://github.com/ToszaPlaskovickaja/Term_paper/blob/master/data/10738--перехлестывать--MVI_2117.mp4?raw=true
x-y,https://github.com/ToszaPlaskovickaja/Term_paper/blob/master/data/10743--нападать--MVI_2122.mp4?raw=true
far-near,https://github.com/ToszaPlaskovickaja/Term_paper/blob/master/data/10782--шлепать по попе--MVI_2178.mp4?raw=true
proxi-distal,https://github.com/ToszaPlaskovickaja/Term_paper/blob/master/data/10927--миновать--MVI_2385.mp4?raw=true
proxi-distal,https://github.com/ToszaPlaskovickaja/Term_paper/blob/master/data/10928--пройти мимо кого-то в коридоре--MVI_2386.mp4?raw=true
far-near,https://github.com/ToszaPlaskovickaja/Term_paper/blob/master/data/10975--платить--MVI_2449.mp4?raw=true
contra-ipsi,https://github.com/ToszaPlaskovickaja/Term_paper/blob/master/data/10979--плата кредитной картой--MVI_2453.mp4?raw=true
far-near,"https://github.com/ToszaPlaskovickaja/Term_paper/blob/master/data/11002--клюнуть, клевать--MVI_2477.mp4?raw=true"
high-low,https://github.com/ToszaPlaskovickaja/Term_paper/blob/master/data/11017--моча--MVI_2499.mp4?raw=true
far-near,https://github.com/ToszaPlaskovickaja/Term_paper/blob/master/data//11018--взглянуть--MVI_2500.mp4?raw=true
low-high,https://github.com/ToszaPlaskovickaja/Term_paper/blob/master/data//11029--наказывать--MVI_2514.mp4?raw=true
far-near,https://github.com/ToszaPlaskovickaja/Term_paper/blob/master/data/11041--вмешиваться--MVI_2537.mp4?raw=true
proxi-distal,https://github.com/ToszaPlaskovickaja/Term_paper/blob/master/data/11073--выполнять--MVI_2577.mp4?raw=true
proxi-distal,"https://github.com/ToszaPlaskovickaja/Term_paper/blob/master/data/11114--убеждать, уговаривать--MVI_2640.mp4?raw=true"
far-near,https://github.com/ToszaPlaskovickaja/Term_paper/blob/master/data/11157--фотография--фотография.mp4?raw=true
far-near,https://github.com/ToszaPlaskovickaja/Term_paper/blob/master/data//11190--протыкать--протыкать.mp4?raw=true
ipsi-contra,https://github.com/ToszaPlaskovickaja/Term_paper/blob/master/data/11191--собирать--собирать.mp4?raw=true
low-high,https://github.com/ToszaPlaskovickaja/Term_paper/blob/master/data/11192--забирать--забирать.mp4?raw=true
far-near,https://github.com/ToszaPlaskovickaja/Term_paper/blob/master/data/11212--проколоть--проколоть.mp4?raw=true
proxi-distal,"https://github.com/ToszaPlaskovickaja/Term_paper/blob/master/data/11234--защипнуть, щипать--защипнуть, щипать.mp4?raw=true"
near-far,https://github.com/ToszaPlaskovickaja/Term_paper/blob/master/data/11251--писать--писать.mp4?raw=true
low-high,https://github.com/ToszaPlaskovickaja/Term_paper/blob/master/data/11309--игра--игра.mp4?raw=true
proxi-distal,https://github.com/ToszaPlaskovickaja/Term_paper/blob/master/data/1999-Сядь! (2)_3g2_Output_136.mp4?raw=true
proxi-distal,https://github.com/ToszaPlaskovickaja/Term_paper/blob/master/data/2580--отказываться--MVI_1015_3g2_Output_539.mp4?raw=true
NA,https://github.com/ToszaPlaskovickaja/Term_paper/blob/master/data/2583--сокращать--MVI_1018_3g2_Output_542.mp4?raw=true
high-low,https://github.com/ToszaPlaskovickaja/Term_paper/blob/master/data/2597--отменить--MVI_1035_3g2_Output_557.mp4?raw=true
low-high,https://github.com/ToszaPlaskovickaja/Term_paper/blob/master/data/2663--восхвалять--MVI_1125_3g2_Output_622.mp4?raw=true
far-near,https://github.com/ToszaPlaskovickaja/Term_paper/blob/master/data/2666--размещать--MVI_1129_3g2_Output_626.mp4?raw=true
proxi-distal,https://github.com/ToszaPlaskovickaja/Term_paper/blob/master/data/2669--сопровождать--MVI_1132_3g2_Output_629.mp4?raw=true
x-y,https://github.com/ToszaPlaskovickaja/Term_paper/blob/master/data//2682--обвинять--MVI_1150_3g2_Output_642.mp4?raw=true
ipsi-contra,https://github.com/ToszaPlaskovickaja/Term_paper/blob/master/data/2766--отложить.mp4?raw=true
low-high,https://github.com/ToszaPlaskovickaja/Term_paper/blob/master/data//2803--продвигать.mp4?raw=true
x-y,https://github.com/ToszaPlaskovickaja/Term_paper/blob/master/data//2836--влиять на.mp4?raw=true
high-low,https://github.com/ToszaPlaskovickaja/Term_paper/blob/master/data/2862--ухудшать.mp4?raw=true
near-far,https://github.com/ToszaPlaskovickaja/Term_paper/blob/master/data/2936--предупреждать.mp4?raw=true
contra-ipsi,https://github.com/ToszaPlaskovickaja/Term_paper/blob/master/data/2963--облегчать.mp4?raw=true
far-near,https://github.com/ToszaPlaskovickaja/Term_paper/blob/master/data/2968--размещать.mp4?raw=true
proxi-distal,https://github.com/ToszaPlaskovickaja/Term_paper/blob/master/data/2970--позволять разрешать.mp4?raw=true
NA,https://github.com/ToszaPlaskovickaja/Term_paper/blob/master/data/2992--изменять.mp4?raw=true
low-high,https://github.com/ToszaPlaskovickaja/Term_paper/blob/master/data//3026--изменять к лучшеиу.mp4?raw=true
near-far,https://github.com/ToszaPlaskovickaja/Term_paper/blob/master/data/3114--объявлять.mp4?raw=true
high-low,https://github.com/ToszaPlaskovickaja/Term_paper/blob/master/data/3123--аннулировать.mp4?raw=true
contra-ipsi,https://github.com/ToszaPlaskovickaja/Term_paper/blob/master/data//3178--извиняться--извиняться.mp4?raw=true
near-far,https://github.com/ToszaPlaskovickaja/Term_paper/blob/master/data/3188--обращаться к--обращаться к.mp4?raw=true
low-high,https://github.com/ToszaPlaskovickaja/Term_paper/blob/master/data//3195--аплодировать--аплодировать.mp4?raw=true
far-near,https://github.com/ToszaPlaskovickaja/Term_paper/blob/master/data/3220--понимать--понимать.mp4?raw=true
low-high,https://github.com/ToszaPlaskovickaja/Term_paper/blob/master/data//3268--возникать--возникать.mp4?raw=true
proxi-distal,https://github.com/ToszaPlaskovickaja/Term_paper/blob/master/data//3286--арестовывать--арестовывать.mp4?raw=true
low-high,https://github.com/ToszaPlaskovickaja/Term_paper/blob/master/data/3337--вознестись--вознестись.mp4?raw=true
near-far,https://github.com/ToszaPlaskovickaja/Term_paper/blob/master/data/3346--спрашивать--спрашивать.mp4?raw=true
ipsi-contra,https://github.com/ToszaPlaskovickaja/Term_paper/blob/master/data/3361--собирать--собирать.mp4?raw=true
x-y,https://github.com/ToszaPlaskovickaja/Term_paper/blob/master/data/3371--поручать--поручать.mp4?raw=true
far-near,https://github.com/ToszaPlaskovickaja/Term_paper/blob/master/data//3384--полагать--полагать.mp4?raw=true
near-far,https://github.com/ToszaPlaskovickaja/Term_paper/blob/master/data/3432--прикладывать--прикладывать.mp4?raw=true
ipsi-contra,https://github.com/ToszaPlaskovickaja/Term_paper/blob/master/data/3434--нападать--нападать.mp4?raw=true
x-y,https://github.com/ToszaPlaskovickaja/Term_paper/blob/master/data/3437--посещать--посещать.mp4?raw=true
far-near,https://github.com/ToszaPlaskovickaja/Term_paper/blob/master/data/3446--привлекать--привлекать.mp4?raw=true
far-near,https://github.com/ToszaPlaskovickaja/Term_paper/blob/master/data/3504--быть пригодным--быть пригодным.mp4?raw=true
proxi-distal,https://github.com/ToszaPlaskovickaja/Term_paper/blob/master/data//3510--мстить--мстить.mp4?raw=true
contra-ipsi,https://github.com/ToszaPlaskovickaja/Term_paper/blob/master/data/3518--избегать--избегать.mp4?raw=true
high-low,https://github.com/ToszaPlaskovickaja/Term_paper/blob/master/data/3520--ожидать--ожидать.mp4?raw=true
NA,https://github.com/ToszaPlaskovickaja/Term_paper/blob/master/data/3521--просыпаться--просыпаться.mp4?raw=true
proxi-distal,"https://github.com/ToszaPlaskovickaja/Term_paper/blob/master/data/3611--печь, выпекать--печь, выпекать.mp4?raw=true"
far-near,https://github.com/ToszaPlaskovickaja/Term_paper/blob/master/data//3645--запрещать--запрещать.mp4?raw=true
high-low,https://github.com/ToszaPlaskovickaja/Term_paper/blob/master/data/3661--крестить--крестить.mp4?raw=true
x-y,https://github.com/ToszaPlaskovickaja/Term_paper/blob/master/data/3754--разрешить--разрешить.mp4?raw=true
low-high,https://github.com/ToszaPlaskovickaja/Term_paper/blob/master/data/3756--называть--.mp4?raw=true
high-low,https://github.com/ToszaPlaskovickaja/Term_paper/blob/master/data/3773--терпеть--.mp4?raw=true
proxi-distal,https://github.com/ToszaPlaskovickaja/Term_paper/blob/master/data/3814--клянчить--.mp4?raw=true
low-high,https://github.com/ToszaPlaskovickaja/Term_paper/blob/master/data/3815--начинать--.mp4?raw=true
x-y,https://github.com/ToszaPlaskovickaja/Term_paper/blob/master/data/3835--принадлежать--.mp4?raw=true
ipsi-contra,https://github.com/ToszaPlaskovickaja/Term_paper/blob/master/data/3841--пристегиваться--.mp4?raw=true
low-high,https://github.com/ToszaPlaskovickaja/Term_paper/blob/master/data/3857--спорить--.mp4?raw=true
NA,https://github.com/ToszaPlaskovickaja/Term_paper/blob/master/data/3862--предавать--.mp4?raw=true
x-y,https://github.com/ToszaPlaskovickaja/Term_paper/blob/master/data/3887--ездить на велосипеде--ездить на велосипеде.mp4?raw=true
NA,https://github.com/ToszaPlaskovickaja/Term_paper/blob/master/data/3950--кусать--кусать.mp4?raw=true
near-far,https://github.com/ToszaPlaskovickaja/Term_paper/blob/master/data/3973--винить--винить.mp4?raw=true
low-high,"https://github.com/ToszaPlaskovickaja/Term_paper/blob/master/data//3980--гореть, пылать--гореть, пылать.mp4?raw=true"
NA,https://github.com/ToszaPlaskovickaja/Term_paper/blob/master/data/3987--смешивать--смешивать.mp4?raw=true
NA,https://github.com/ToszaPlaskovickaja/Term_paper/blob/master/data/3997--мигать--мигать.mp4?raw=true
far-near,https://github.com/ToszaPlaskovickaja/Term_paper/blob/master/data/3999--блокировка--блокировка.mp4?raw=true
contra-ipsi,https://github.com/ToszaPlaskovickaja/Term_paper/blob/master/data/4025--взрывать--взрывать.mp4?raw=true
high-low,https://github.com/ToszaPlaskovickaja/Term_paper/blob/master/data/4026--задувать--задувать.mp4?raw=true
low-high,https://github.com/ToszaPlaskovickaja/Term_paper/blob/master/data/4041--покраснеть--покраснеть.mp4?raw=true
low-high,https://github.com/ToszaPlaskovickaja/Term_paper/blob/master/data/4075--бомбить--бомбить.mp4?raw=true
near-far,https://github.com/ToszaPlaskovickaja/Term_paper/blob/master/data//4148--отскакивать--отскакивать.mp4?raw=true
ipsi-contra,https://github.com/ToszaPlaskovickaja/Term_paper/blob/master/data/4150--ограничивать--ограничивать.mp4?raw=true
high-low,https://github.com/ToszaPlaskovickaja/Term_paper/blob/master/data//4158--кланяться--кланяться.mp4?raw=true
NA,https://github.com/ToszaPlaskovickaja/Term_paper/blob/master/data//4161--поклониться--поклониться.mp4?raw=true
low-high,https://github.com/ToszaPlaskovickaja/Term_paper/blob/master/data/4177--хвастаться--хвастаться.mp4?raw=true
contra-ipsi,https://github.com/ToszaPlaskovickaja/Term_paper/blob/master/data/4212--расстаться--расстаться.mp4?raw=true
near-far,https://github.com/ToszaPlaskovickaja/Term_paper/blob/master/data/4223--дышать--дышать.mp4?raw=true
ipsi-contra,https://github.com/ToszaPlaskovickaja/Term_paper/blob/master/data//4247--приносить--приносить.mp4?raw=true
high-low,https://github.com/ToszaPlaskovickaja/Term_paper/blob/master/data/4256--жарить на огне--жарить на огне.mp4?raw=true
low-high,https://github.com/ToszaPlaskovickaja/Term_paper/blob/master/data/4300--строить--строить.mp4?raw=true
proxi-distal,"https://github.com/ToszaPlaskovickaja/Term_paper/blob/master/data/4327--запугивать, издеваться--запугивать, издеваться.mp4?raw=true"
low-high,"https://github.com/ToszaPlaskovickaja/Term_paper/blob/master/data//4350--жечь, гореть--жечь, гореть.mp4?raw=true"
near-far,https://github.com/ToszaPlaskovickaja/Term_paper/blob/master/data/4356--разрыдаться--разрыдаться.mp4?raw=true
high-low,https://github.com/ToszaPlaskovickaja/Term_paper/blob/master/data/4357--хоронить--хоронить.mp4?raw=true
proxi-distal,https://github.com/ToszaPlaskovickaja/Term_paper/blob/master/data//4394--покупать--покупать.mp4?raw=true
distal-proxi,https://github.com/ToszaPlaskovickaja/Term_paper/blob/master/data/4433--требовать--требовать.mp4?raw=true
far-near,https://github.com/ToszaPlaskovickaja/Term_paper/blob/master/data/4475--не мочь--не мочь.mp4?raw=true
far-near,https://github.com/ToszaPlaskovickaja/Term_paper/blob/master/data/4488--не мочь--.mp4?raw=true
iconic,https://github.com/ToszaPlaskovickaja/Term_paper/blob/master/data/4504--капитулировать--капитулировать.mp4?raw=true
NA,https://github.com/ToszaPlaskovickaja/Term_paper/blob/master/data//4507--опрокидывать--опрокидывать.mp4?raw=true
far-near,https://github.com/ToszaPlaskovickaja/Term_paper/blob/master/data/4545--заботиться о--заботиться о.mp4?raw=true
distal-proxi,https://github.com/ToszaPlaskovickaja/Term_paper/blob/master/data//4554--ласкать--ласкать.mp4?raw=true
low-high,https://github.com/ToszaPlaskovickaja/Term_paper/blob/master/data/4575--нести--.mp4?raw=true
proxi-distal,https://github.com/ToszaPlaskovickaja/Term_paper/blob/master/data//4594--швырять--швырять.mp4?raw=true
NA,https://github.com/ToszaPlaskovickaja/Term_paper/blob/master/data/4712--менять--менять.mp4?raw=true
far-near,https://github.com/ToszaPlaskovickaja/Term_paper/blob/master/data/4716--распевать--распевать.mp4?raw=true
far-near,https://github.com/ToszaPlaskovickaja/Term_paper/blob/master/data//4734--преследовать--преследовать.mp4?raw=true
x-y,https://github.com/ToszaPlaskovickaja/Term_paper/blob/master/data/4737--болтать--болтать.mp4?raw=true
x-y,https://github.com/ToszaPlaskovickaja/Term_paper/blob/master/data/4743--обманывать--обманывать.mp4?raw=true
distal-proxi,https://github.com/ToszaPlaskovickaja/Term_paper/blob/master/data//4847--выбирать--выбирать.mp4?raw=true
proxi-distal,https://github.com/ToszaPlaskovickaja/Term_paper/blob/master/data//4924--чистить--чистить.mp4?raw=true
proxi-distal,https://github.com/ToszaPlaskovickaja/Term_paper/blob/master/data//4929--очищать--очищать.mp4?raw=true
low-high,https://github.com/ToszaPlaskovickaja/Term_paper/blob/master/data/4948--карабкаться--карабкаться.mp4?raw=true
ipsi-contra,https://github.com/ToszaPlaskovickaja/Term_paper/blob/master/data/5056--совпадать--.mp4?raw=true
far-near,https://github.com/ToszaPlaskovickaja/Term_paper/blob/master/data/5071--рухнуть--рухнуть.mp4?raw=true
far-near,https://github.com/ToszaPlaskovickaja/Term_paper/blob/master/data//5118--приходить--приходить.mp4?raw=true
proxi-distal,https://github.com/ToszaPlaskovickaja/Term_paper/blob/master/data/5119--придти к соглашению--придти к соглашению.mp4?raw=true
low-high,https://github.com/ToszaPlaskovickaja/Term_paper/blob/master/data/5134--начинать--начинать.mp4?raw=true
far-near,https://github.com/ToszaPlaskovickaja/Term_paper/blob/master/data//5144--совершать--.mp4?raw=true
distal-proxi,https://github.com/ToszaPlaskovickaja/Term_paper/blob/master/data/5150--общаться--.mp4?raw=true
ipsi-contra,https://github.com/ToszaPlaskovickaja/Term_paper/blob/master/data/5175--сопоставлять--сопоставлять.mp4?raw=true
far-near,https://github.com/ToszaPlaskovickaja/Term_paper/blob/master/data/5224--понимать--понимать.mp4?raw=true
ipsi-contra,https://github.com/ToszaPlaskovickaja/Term_paper/blob/master/data/5256--постигать--постигать.mp4?raw=true
near-far,https://github.com/ToszaPlaskovickaja/Term_paper/blob/master/data/5257--концентрироваться--концентрироваться.mp4?raw=true
low-high,https://github.com/ToszaPlaskovickaja/Term_paper/blob/master/data/5265--беспокоиться--беспокоиться.mp4?raw=true
low-high,https://github.com/ToszaPlaskovickaja/Term_paper/blob/master/data/5277--осуждать--осуждать.mp4?raw=true
near-far,https://github.com/ToszaPlaskovickaja/Term_paper/blob/master/data/5308--подтверждать--подтверждать.mp4?raw=true
low-high,https://github.com/ToszaPlaskovickaja/Term_paper/blob/master/data/5317--поздравлять--поздравлять.mp4?raw=true
far-near,https://github.com/ToszaPlaskovickaja/Term_paper/blob/master/data//5328--соединять--соединять.mp4?raw=true
high-low,https://github.com/ToszaPlaskovickaja/Term_paper/blob/master/data/5331--захватывать--захватывать.mp4?raw=true
contra-ipsi,https://github.com/ToszaPlaskovickaja/Term_paper/blob/master/data/5335--освящать--освящать.mp4?raw=true
far-near,https://github.com/ToszaPlaskovickaja/Term_paper/blob/master/data/5343--сберегать--сберегать.mp4?raw=true
far-near,https://github.com/ToszaPlaskovickaja/Term_paper/blob/master/data//5359--устанавливать--устанавливать.mp4?raw=true
high-low,https://github.com/ToszaPlaskovickaja/Term_paper/blob/master/data/5362--сдерживать--сдерживать.mp4?raw=true
low-high,https://github.com/ToszaPlaskovickaja/Term_paper/blob/master/data/5365--строить--строить.mp4?raw=true
proxi-distal,https://github.com/ToszaPlaskovickaja/Term_paper/blob/master/data/5373--консультирование--консультирование.mp4?raw=true
far-near,https://github.com/ToszaPlaskovickaja/Term_paper/blob/master/data/5376--потреблять--потреблять.mp4?raw=true
ipsi-contra,https://github.com/ToszaPlaskovickaja/Term_paper/blob/master/data/5407--сократить--сократить.mp4?raw=true
proxi-distal,https://github.com/ToszaPlaskovickaja/Term_paper/blob/master/data/5415--вкладывать--вкладывать.mp4?raw=true
contra-ipsi,https://github.com/ToszaPlaskovickaja/Term_paper/blob/master/data/5417--контролировать--контролировать.mp4?raw=true
ipsi-contra,https://github.com/ToszaPlaskovickaja/Term_paper/blob/master/data/5421--собираться--собираться.mp4?raw=true
near-far,https://github.com/ToszaPlaskovickaja/Term_paper/blob/master/data/5428--разговаривать--разговаривать.mp4?raw=true
NA,https://github.com/ToszaPlaskovickaja/Term_paper/blob/master/data/5431--конвертировать--конвертировать.mp4?raw=true
proxi-distal,https://github.com/ToszaPlaskovickaja/Term_paper/blob/master/data/5436--убеждать--убеждать.mp4?raw=true
NA,https://github.com/ToszaPlaskovickaja/Term_paper/blob/master/data//5462--копировать--копировать.mp4?raw=true
proxi-distal,https://github.com/ToszaPlaskovickaja/Term_paper/blob/master/data/5490--исправлять--исправлять.mp4?raw=true
NA,https://github.com/ToszaPlaskovickaja/Term_paper/blob/master/data/5525--кашлять--кашлять.mp4?raw=true
far-near,https://github.com/ToszaPlaskovickaja/Term_paper/blob/master/data//5532--считать--2.mp4?raw=true
ipsi-contra,https://github.com/ToszaPlaskovickaja/Term_paper/blob/master/data/5537--подделка--подделка.mp4?raw=true
ipsi-contra,https://github.com/ToszaPlaskovickaja/Term_paper/blob/master/data/5564--закрывать--закрывать.mp4?raw=true
proxi-distal,https://github.com/ToszaPlaskovickaja/Term_paper/blob/master/data/5596--ползать--ползать.mp4?raw=true
ipsi-contra,https://github.com/ToszaPlaskovickaja/Term_paper/blob/master/data/5655--обрезать--обрезать.mp4?raw=true
high-low,https://github.com/ToszaPlaskovickaja/Term_paper/blob/master/data/5681--короновать--короновать.mp4?raw=true
ipsi-contra,https://github.com/ToszaPlaskovickaja/Term_paper/blob/master/data/5697--мять--мять.mp4?raw=true
high-low,https://github.com/ToszaPlaskovickaja/Term_paper/blob/master/data//5700--плакать--плакать.mp4?raw=true
distal-proxi,https://github.com/ToszaPlaskovickaja/Term_paper/blob/master/data//5767--разрезать--разрезать.mp4?raw=true
NA,https://github.com/ToszaPlaskovickaja/Term_paper/blob/master/data//5808--танцевать--танцевать.mp4?raw=true
proxi-distal,https://github.com/ToszaPlaskovickaja/Term_paper/blob/master/data/5817--отважиться--отважиться.mp4?raw=true
contra-ipsi,"https://github.com/ToszaPlaskovickaja/Term_paper/blob/master/data/5909--заявлять, объявлять--заявлять, объявлять.mp4?raw=true"
proxi-distal,https://github.com/ToszaPlaskovickaja/Term_paper/blob/master/data/5918--приказать--приказать.mp4?raw=true
NA,https://github.com/ToszaPlaskovickaja/Term_paper/blob/master/data/5935--побеждать--побеждать.mp4?raw=true
proxi-distal,https://github.com/ToszaPlaskovickaja/Term_paper/blob/master/data/5939--защищать--защищать.mp4?raw=true
far-near,https://github.com/ToszaPlaskovickaja/Term_paper/blob/master/data/5946--осквернять--осквернять.mp4?raw=true
ipsi-contra,https://github.com/ToszaPlaskovickaja/Term_paper/blob/master/data/5953--уменьшать--уменьшать.mp4?raw=true
proxi-distal,https://github.com/ToszaPlaskovickaja/Term_paper/blob/master/data//5956--не повиноваться--не повиноваться.mp4?raw=true
distal-proxi,https://github.com/ToszaPlaskovickaja/Term_paper/blob/master/data/5968--задерживать--задерживать.mp4?raw=true
distal-proxi,https://github.com/ToszaPlaskovickaja/Term_paper/blob/master/data/5972--удалять--удалять.mp4?raw=true
ipsi-contra,https://github.com/ToszaPlaskovickaja/Term_paper/blob/master/data/5981--доставлять--доставлять.mp4?raw=true
proxi-distal,"https://github.com/ToszaPlaskovickaja/Term_paper/blob/master/data//6013--отвергать, отказывать--отвергать, отказывать.mp4?raw=true"
near-far,https://github.com/ToszaPlaskovickaja/Term_paper/blob/master/data/6024--удалять волосы--удалять волосы.mp4?raw=true
distal-proxi,https://github.com/ToszaPlaskovickaja/Term_paper/blob/master/data/6036--лишать--лишать.mp4?raw=true
high-low,"https://github.com/ToszaPlaskovickaja/Term_paper/blob/master/data/6045--спускаться, снисходить--спускаться, снисходить.mp4?raw=true"
far-near,https://github.com/ToszaPlaskovickaja/Term_paper/blob/master/data//6070--отчаяться--отчаяться.mp4?raw=true
far-near,https://github.com/ToszaPlaskovickaja/Term_paper/blob/master/data/6072--презирать--презирать.mp4?raw=true
ipsi-contra,https://github.com/ToszaPlaskovickaja/Term_paper/blob/master/data/6080--разрушать--1.mp4?raw=true
distal-proxi,https://github.com/ToszaPlaskovickaja/Term_paper/blob/master/data//6083--разъединять отделять--разъединять отделять.mp4?raw=true
high-low,https://github.com/ToszaPlaskovickaja/Term_paper/blob/master/data/6094--ухудшаться--ухудшаться.mp4?raw=true
proxi-distal,https://github.com/ToszaPlaskovickaja/Term_paper/blob/master/data/6120--посвящать--посвящать.mp4?raw=true
near-far,https://github.com/ToszaPlaskovickaja/Term_paper/blob/master/data/6147--диктовать--диктовать.mp4?raw=true
proxi-distal,https://github.com/ToszaPlaskovickaja/Term_paper/blob/master/data/6151--делал--делал.mp4?raw=true
ipsi-contra,"https://github.com/ToszaPlaskovickaja/Term_paper/blob/master/data/6173--копать, рыть--копать, рыть.mp4?raw=true"
ipsi-contra,https://github.com/ToszaPlaskovickaja/Term_paper/blob/master/data/6197--уменьшать--уменьшать.mp4?raw=true
high-low,https://github.com/ToszaPlaskovickaja/Term_paper/blob/master/data//6208--окунать--окунать.mp4?raw=true
contra-ipsi,https://github.com/ToszaPlaskovickaja/Term_paper/blob/master/data/6236--исчезать--исчезать.mp4?raw=true
proxi-distal,https://github.com/ToszaPlaskovickaja/Term_paper/blob/master/data//6243--выписка из больницы--выписка из больницы.mp4?raw=true
near-far,https://github.com/ToszaPlaskovickaja/Term_paper/blob/master/data/6250--рассоединять--рассоединять.mp4?raw=true
far-near,https://github.com/ToszaPlaskovickaja/Term_paper/blob/master/data//6256--обнаруживать--обнаруживать.mp4?raw=true
near-far,https://github.com/ToszaPlaskovickaja/Term_paper/blob/master/data/6290--не нравиться--.mp4?raw=true
contra-ipsi,https://github.com/ToszaPlaskovickaja/Term_paper/blob/master/data//6291--разобрать--разобрать.mp4?raw=true
proxi-distal,https://github.com/ToszaPlaskovickaja/Term_paper/blob/master/data/6324--распространять--2.mp4?raw=true
high-low,https://github.com/ToszaPlaskovickaja/Term_paper/blob/master/data/6335--нырять--нырять.mp4?raw=true
proxi-distal,https://github.com/ToszaPlaskovickaja/Term_paper/blob/master/data/6337--разделять--разделять.mp4?raw=true
far-near,https://github.com/ToszaPlaskovickaja/Term_paper/blob/master/data//6342--разделять--2.mp4?raw=true
far-near,https://github.com/ToszaPlaskovickaja/Term_paper/blob/master/data/6359--заниматься гимнастикой--заниматься гимнастикой.mp4?raw=true
proxi-distal,https://github.com/ToszaPlaskovickaja/Term_paper/blob/master/data/6401--доминировать--доминировать.mp4?raw=true
near-far,https://github.com/ToszaPlaskovickaja/Term_paper/blob/master/data/6409--не знать--не знать.mp4?raw=true
high-low,https://github.com/ToszaPlaskovickaja/Term_paper/blob/master/data/6410--не понимать--не понимать.mp4?raw=true
NA,https://github.com/ToszaPlaskovickaja/Term_paper/blob/master/data/6445--вздремнуть--вздремнуть.mp4?raw=true
contra-ipsi,https://github.com/ToszaPlaskovickaja/Term_paper/blob/master/data/6452--тянуть--тянуть.mp4?raw=true
high-low,https://github.com/ToszaPlaskovickaja/Term_paper/blob/master/data/6465--рисовать--рисовать.mp4?raw=true
NA,https://github.com/ToszaPlaskovickaja/Term_paper/blob/master/data/6475--мечтать--мечтать.mp4?raw=true
ipsi-contra,https://github.com/ToszaPlaskovickaja/Term_paper/blob/master/data/6490--дрейфовать--дрейфовать.mp4?raw=true
high-low,https://github.com/ToszaPlaskovickaja/Term_paper/blob/master/data/6493--сверлить--сверлить.mp4?raw=true
far-near,https://github.com/ToszaPlaskovickaja/Term_paper/blob/master/data/6497--пить--пить.mp4?raw=true
high-low,https://github.com/ToszaPlaskovickaja/Term_paper/blob/master/data/6502--капать--капать.mp4?raw=true
iconic,https://github.com/ToszaPlaskovickaja/Term_paper/blob/master/data/6509--сбрызнуть--сбрызнуть.mp4?raw=true
near-far,"https://github.com/ToszaPlaskovickaja/Term_paper/blob/master/data/6515--выбыть, отсеяться--выбыть, отсеяться.mp4?raw=true"
distal-proxi,https://github.com/ToszaPlaskovickaja/Term_paper/blob/master/data//6605--зарабатывать--зарабатывать.mp4?raw=true
far-near,https://github.com/ToszaPlaskovickaja/Term_paper/blob/master/data/6620--есть--есть.mp4?raw=true
proxi-distal,https://github.com/ToszaPlaskovickaja/Term_paper/blob/master/data//6643--наставлять--наставлять.mp4?raw=true
contra-ipsi,https://github.com/ToszaPlaskovickaja/Term_paper/blob/master/data//6644--редактировать--редактировать.mp4?raw=true
proxi-distal,https://github.com/ToszaPlaskovickaja/Term_paper/blob/master/data//6649--обучать--обучать.mp4?raw=true
distal-proxi,https://github.com/ToszaPlaskovickaja/Term_paper/blob/master/data/6698--выбирать--выбирать.mp4?raw=true
low-high,https://github.com/ToszaPlaskovickaja/Term_paper/blob/master/data/6750--поднимать--поднимать.mp4?raw=true
proxi-distal,https://github.com/ToszaPlaskovickaja/Term_paper/blob/master/data//6759--уничтожать--уничтожать.mp4?raw=true
high-low,https://github.com/ToszaPlaskovickaja/Term_paper/blob/master/data/6776--вышивать--вышивать.mp4?raw=true
low-high,https://github.com/ToszaPlaskovickaja/Term_paper/blob/master/data/6783--возникать--возникать.mp4?raw=true
far-near,https://github.com/ToszaPlaskovickaja/Term_paper/blob/master/data/6799--обращать внимание--обращать внимание.mp4?raw=true
distal-proxi,https://github.com/ToszaPlaskovickaja/Term_paper/blob/master/data/6802--нанимать--нанимать.mp4?raw=true
proxi-distal,https://github.com/ToszaPlaskovickaja/Term_paper/blob/master/data/6814--позволять--позволять.mp4?raw=true
distal-proxi,https://github.com/ToszaPlaskovickaja/Term_paper/blob/master/data/6848--гравировать--гравировать.mp4?raw=true
contra-ipsi,https://github.com/ToszaPlaskovickaja/Term_paper/blob/master/data/6852--увеличивать--увеличивать.mp4?raw=true
proxi-distal,https://github.com/ToszaPlaskovickaja/Term_paper/blob/master/data/6858--входить--входить.mp4?raw=true
NA,https://github.com/ToszaPlaskovickaja/Term_paper/blob/master/data/6881--зависть--зависть.mp4?raw=true
proxi-distal,https://github.com/ToszaPlaskovickaja/Term_paper/blob/master/data/6915--стирать--стирать.mp4?raw=true
proxi-distal,https://github.com/ToszaPlaskovickaja/Term_paper/blob/master/data/6928--сбегать--сбегать.mp4?raw=true
contra-ipsi,https://github.com/ToszaPlaskovickaja/Term_paper/blob/master/data/6966--уклоняться--MVI_6800.mp4?raw=true
ipsi-contra,https://github.com/ToszaPlaskovickaja/Term_paper/blob/master/data//7009--выкапывать--MVI_6848.mp4?raw=true
low-high,https://github.com/ToszaPlaskovickaja/Term_paper/blob/master/data/7011--преувеличивать--MVI_6850.mp4?raw=true
NA,https://github.com/ToszaPlaskovickaja/Term_paper/blob/master/data/7018--обмен--MVI_6858.mp4?raw=true
near-far,"https://github.com/ToszaPlaskovickaja/Term_paper/blob/master/data/7035--извинять, прощать--MVI_6876.mp4?raw=true"
near-far,https://github.com/ToszaPlaskovickaja/Term_paper/blob/master/data/7044--выдыхать--MVI_6893.mp4?raw=true
far-near,https://github.com/ToszaPlaskovickaja/Term_paper/blob/master/data//7046--истощать--MVI_6895.mp4?raw=true
far-near,https://github.com/ToszaPlaskovickaja/Term_paper/blob/master/data/7053--выставлять--MVI_6904.mp4?raw=true
far-near,https://github.com/ToszaPlaskovickaja/Term_paper/blob/master/data//7058--существовать--MVI_6910.mp4?raw=true
high-low,https://github.com/ToszaPlaskovickaja/Term_paper/blob/master/data/7067--ожидать--MVI_6920.mp4?raw=true
contra-ipsi,https://github.com/ToszaPlaskovickaja/Term_paper/blob/master/data/7091--взрывать--MVI_6950.mp4?raw=true
far-near,"https://github.com/ToszaPlaskovickaja/Term_paper/blob/master/data/7098--делать видимым, показывать--MVI_6961.mp4?raw=true"
low-high,https://github.com/ToszaPlaskovickaja/Term_paper/blob/master/data/7100--выражать--MVI_6964.mp4?raw=true
ipsi-contra,https://github.com/ToszaPlaskovickaja/Term_paper/blob/master/data//7140--создавать--MVI_7010.mp4?raw=true
contra-ipsi,https://github.com/ToszaPlaskovickaja/Term_paper/blob/master/data/7145--облегчать--MVI_7017.mp4?raw=true
high-low,https://github.com/ToszaPlaskovickaja/Term_paper/blob/master/data/7153--постепенно затухать--MVI_7027.mp4?raw=true
NA,https://github.com/ToszaPlaskovickaja/Term_paper/blob/master/data//7166--падать--MVI_7041.mp4?raw=true
NA,https://github.com/ToszaPlaskovickaja/Term_paper/blob/master/data//7208--пукать--MVI_7091.mp4?raw=true
far-near,https://github.com/ToszaPlaskovickaja/Term_paper/blob/master/data//7255--кормить--MVI_7150.mp4?raw=true
far-near,https://github.com/ToszaPlaskovickaja/Term_paper/blob/master/data//7258--чувствовать--MVI_7154.mp4?raw=true
proxi-distal,https://github.com/ToszaPlaskovickaja/Term_paper/blob/master/data/7324--воевать--MVI_7239.mp4?raw=true
far-near,https://github.com/ToszaPlaskovickaja/Term_paper/blob/master/data//7354--финансировать--MVI_7279.mp4?raw=true
high-low,https://github.com/ToszaPlaskovickaja/Term_paper/blob/master/data/7422--подходить--MVI_7373.mp4?raw=true
low-high,https://github.com/ToszaPlaskovickaja/Term_paper/blob/master/data/7444--вспыхнуть--MVI_7412.mp4?raw=true
proxi-distal,"https://github.com/ToszaPlaskovickaja/Term_paper/blob/master/data//7463--убежать, испариться--MVI_7438.mp4?raw=true"
NA,https://github.com/ToszaPlaskovickaja/Term_paper/blob/master/data/7466--сгибать--MVI_7441.mp4?raw=true
ipsi-contra,https://github.com/ToszaPlaskovickaja/Term_paper/blob/master/data/7499--течь--MVI_7494.mp4?raw=true
far-near,https://github.com/ToszaPlaskovickaja/Term_paper/blob/master/data/7512--провалить--MVI_7510.mp4?raw=true
ipsi-contra,https://github.com/ToszaPlaskovickaja/Term_paper/blob/master/data//7515--трепетать--MVI_7514.mp4?raw=true
ipsi-contra,https://github.com/ToszaPlaskovickaja/Term_paper/blob/master/data/7517--летать--MVI_7516.mp4?raw=true
ipsi-contra,"https://github.com/ToszaPlaskovickaja/Term_paper/blob/master/data/7523--фокусировать, концентрировать--MVI_7525.mp4?raw=true"
far-near,https://github.com/ToszaPlaskovickaja/Term_paper/blob/master/data/7538--следовать за кем-то--MVI_7542.mp4?raw=true
high-low,"https://github.com/ToszaPlaskovickaja/Term_paper/blob/master/data/7539--отслеживать, мониторить--MVI_7543.mp4?raw=true"
far-near,https://github.com/ToszaPlaskovickaja/Term_paper/blob/master/data//7565--запрещать--MVI_7573.mp4?raw=true
contra-ipsi,https://github.com/ToszaPlaskovickaja/Term_paper/blob/master/data/7582--забывать--MVI_7594.mp4?raw=true
high-low,https://github.com/ToszaPlaskovickaja/Term_paper/blob/master/data//7668--замораживать--MVI_7706.mp4?raw=true
proxi-distal,https://github.com/ToszaPlaskovickaja/Term_paper/blob/master/data//7674--часто посещать--MVI_7715.mp4?raw=true
low-high,https://github.com/ToszaPlaskovickaja/Term_paper/blob/master/data/7682--беспокоиться--MVI_7724.mp4?raw=true
ipsi-contra,https://github.com/ToszaPlaskovickaja/Term_paper/blob/master/data/7721--трахаться--MVI_7774.mp4?raw=true
contra-ipsi,https://github.com/ToszaPlaskovickaja/Term_paper/blob/master/data/7760--поправиться--MVI_7821.mp4?raw=true
NA,https://github.com/ToszaPlaskovickaja/Term_paper/blob/master/data/7861--преклонять колени--MVI_7946.mp4?raw=true
proxi-distal,https://github.com/ToszaPlaskovickaja/Term_paper/blob/master/data/7879--отъезд--MVI_7970.mp4?raw=true
ipsi-contra,https://github.com/ToszaPlaskovickaja/Term_paper/blob/master/data/7882--одеться--MVI_7975.mp4?raw=true
high-low,https://github.com/ToszaPlaskovickaja/Term_paper/blob/master/data//7884--избавиться--MVI_7977.mp4?raw=true
far-near,https://github.com/ToszaPlaskovickaja/Term_paper/blob/master/data/7902--хихикать--MVI_8000.mp4?raw=true
proxi-distal,https://github.com/ToszaPlaskovickaja/Term_paper/blob/master/data/7911--давать--MVI_8011.mp4?raw=true
distal-proxi,https://github.com/ToszaPlaskovickaja/Term_paper/blob/master/data//7912--возвращать--MVI_8014.mp4?raw=true
iconic,https://github.com/ToszaPlaskovickaja/Term_paper/blob/master/data/7915--сдаваться--MVI_8018.mp4?raw=true
far-near,https://github.com/ToszaPlaskovickaja/Term_paper/blob/master/data/7919--взглянуть--MVI_8022.mp4?raw=true
proxi-distal,https://github.com/ToszaPlaskovickaja/Term_paper/blob/master/data/7949--идти--MVI_8066.mp4?raw=true
proxi-distal,https://github.com/ToszaPlaskovickaja/Term_paper/blob/master/data/7950--входить--MVI_8067.mp4?raw=true
proxi-distal,https://github.com/ToszaPlaskovickaja/Term_paper/blob/master/data/7951--выходить--MVI_8068.mp4?raw=true
far-near,https://github.com/ToszaPlaskovickaja/Term_paper/blob/master/data/8010--схватить--MVI_8143.mp4?raw=true
far-near,https://github.com/ToszaPlaskovickaja/Term_paper/blob/master/data/8059--понять--MVI_8203.mp4?raw=true
proxi-distal,https://github.com/ToszaPlaskovickaja/Term_paper/blob/master/data//8062--натирать на терке--MVI_8207.mp4?raw=true
contra-ipsi,https://github.com/ToszaPlaskovickaja/Term_paper/blob/master/data/8091--приветствовать--MVI_8248.mp4?raw=true
NA,https://github.com/ToszaPlaskovickaja/Term_paper/blob/master/data/8105--крепко держать--MVI_8270.mp4?raw=true
near-far,https://github.com/ToszaPlaskovickaja/Term_paper/blob/master/data/8108--стонать--MVI_8274.mp4?raw=true
NA,https://github.com/ToszaPlaskovickaja/Term_paper/blob/master/data/8126--ворчать--MVI_8295.mp4?raw=true
distal-proxi,https://github.com/ToszaPlaskovickaja/Term_paper/blob/master/data//8147--одурачивать--MVI_8330.mp4?raw=true
far-near,https://github.com/ToszaPlaskovickaja/Term_paper/blob/master/data/8222--бить молотком--MVI_8437.mp4?raw=true
NA,https://github.com/ToszaPlaskovickaja/Term_paper/blob/master/data/8259--случаться--MVI_8483.mp4?raw=true
proxi-distal,https://github.com/ToszaPlaskovickaja/Term_paper/blob/master/data/8285--вредить--MVI_8515.mp4?raw=true
high-low,https://github.com/ToszaPlaskovickaja/Term_paper/blob/master/data//8297--штриховать--MVI_8531.mp4?raw=true
far-near,https://github.com/ToszaPlaskovickaja/Term_paper/blob/master/data/8300--ненавидеть--MVI_8535.mp4?raw=true
far-near,https://github.com/ToszaPlaskovickaja/Term_paper/blob/master/data//8304--ужинать--MVI_8540.mp4?raw=true
far-near,https://github.com/ToszaPlaskovickaja/Term_paper/blob/master/data/8426--сомневаться--MVI_8730.mp4?raw=true
far-near,https://github.com/ToszaPlaskovickaja/Term_paper/blob/master/data/8436--прятать--MVI_8745.mp4?raw=true
proxi-distal,https://github.com/ToszaPlaskovickaja/Term_paper/blob/master/data/8479--ударять--MVI_8805.mp4?raw=true
NA,https://github.com/ToszaPlaskovickaja/Term_paper/blob/master/data/8492--держать--MVI_8819.mp4?raw=true
ipsi-contra,https://github.com/ToszaPlaskovickaja/Term_paper/blob/master/data/8606--обнимать--MVI_8959.mp4?raw=true
near-far,https://github.com/ToszaPlaskovickaja/Term_paper/blob/master/data/8710--игнорировать--MVI_9236.mp4?raw=true
distal-proxi,https://github.com/ToszaPlaskovickaja/Term_paper/blob/master/data//8743--нарушать--MVI_9279.mp4?raw=true
proxi-distal,https://github.com/ToszaPlaskovickaja/Term_paper/blob/master/data/8748--выполнять--MVI_9288.mp4?raw=true
low-high,https://github.com/ToszaPlaskovickaja/Term_paper/blob/master/data//8762--улучшать--MVI_9304.mp4?raw=true
high-low,https://github.com/ToszaPlaskovickaja/Term_paper/blob/master/data/8802--включать--MVI_9360.mp4?raw=true
high-low,"https://github.com/ToszaPlaskovickaja/Term_paper/blob/master/data/8807--включать, инкорпорировать--MVI_9369.mp4?raw=true"
proxi-distal,"https://github.com/ToszaPlaskovickaja/Term_paper/blob/master/data/8809--увеличивать, возрастать--MVI_9372.mp4?raw=true"
ipsi-contra,https://github.com/ToszaPlaskovickaja/Term_paper/blob/master/data/8870--вскружить голову--MVI_9467.mp4?raw=true
ipsi-contra,"https://github.com/ToszaPlaskovickaja/Term_paper/blob/master/data/8878--наводнять, наполнять--MVI_9480.mp4?raw=true"
far-near,https://github.com/ToszaPlaskovickaja/Term_paper/blob/master/data/8879--проникать--MVI_9481.mp4?raw=true
contra-ipsi,https://github.com/ToszaPlaskovickaja/Term_paper/blob/master/data/8882--надувать--MVI_9484.mp4?raw=true
contra-ipsi,https://github.com/ToszaPlaskovickaja/Term_paper/blob/master/data/8888--информировать--MVI_9493.mp4?raw=true
low-high,https://github.com/ToszaPlaskovickaja/Term_paper/blob/master/data/8911--начинать--MVI_9528.mp4?raw=true
far-near,https://github.com/ToszaPlaskovickaja/Term_paper/blob/master/data/8913--укалывать--MVI_9533.mp4?raw=true
far-near,https://github.com/ToszaPlaskovickaja/Term_paper/blob/master/data/8915--ранить--MVI_9535.mp4?raw=true
far-near,https://github.com/ToszaPlaskovickaja/Term_paper/blob/master/data//8929--обновлять--MVI_9550.mp4?raw=true
high-low,https://github.com/ToszaPlaskovickaja/Term_paper/blob/master/data/8943--настаивать--MVI_9570.mp4?raw=true
high-low,https://github.com/ToszaPlaskovickaja/Term_paper/blob/master/data//8944--проверять--MVI_9571.mp4?raw=true
near-far,https://github.com/ToszaPlaskovickaja/Term_paper/blob/master/data/8968--оскорблять--MVI_9603.mp4?raw=true
ipsi-contra,https://github.com/ToszaPlaskovickaja/Term_paper/blob/master/data/8975--интегрировать--MVI_9619.mp4?raw=true
far-near,https://github.com/ToszaPlaskovickaja/Term_paper/blob/master/data/9001--вмешиваться--MVI_9660.mp4?raw=true
far-near,https://github.com/ToszaPlaskovickaja/Term_paper/blob/master/data/9025--вмешиваться--MVI_9694.mp4?raw=true
high-low,https://github.com/ToszaPlaskovickaja/Term_paper/blob/master/data/9026--прерывать--MVI_9695.mp4?raw=true
far-near,https://github.com/ToszaPlaskovickaja/Term_paper/blob/master/data/9041--знакомить--MVI_9715.mp4?raw=true
contra-ipsi,https://github.com/ToszaPlaskovickaja/Term_paper/blob/master/data//9052--переворачивать--MVI_9728.mp4?raw=true
distal-proxi,https://github.com/ToszaPlaskovickaja/Term_paper/blob/master/data/9064--приглашать--MVI_9742.mp4?raw=true
distal-proxi,https://github.com/ToszaPlaskovickaja/Term_paper/blob/master/data//9072--гладить--MVI_9755.mp4?raw=true
far-near,https://github.com/ToszaPlaskovickaja/Term_paper/blob/master/data/9084--раздражать--MVI_9769.mp4?raw=true
far-near,https://github.com/ToszaPlaskovickaja/Term_paper/blob/master/data/9090--издавать--MVI_9777.mp4?raw=true
proxi-distal,https://github.com/ToszaPlaskovickaja/Term_paper/blob/master/data/9115--угрожать--MVI_9808.mp4?raw=true
ipsi-contra,https://github.com/ToszaPlaskovickaja/Term_paper/blob/master/data/9137--присоединять--MVI_9834.mp4?raw=true
proxi-distal,https://github.com/ToszaPlaskovickaja/Term_paper/blob/master/data/9138--вступить--MVI_9836.mp4?raw=true
NA,https://github.com/ToszaPlaskovickaja/Term_paper/blob/master/data//9154--сильно вибрировать--MVI_9857.mp4?raw=true
contra-ipsi,https://github.com/ToszaPlaskovickaja/Term_paper/blob/master/data/9164--перемешивать--MVI_9874.mp4?raw=true
low-high,https://github.com/ToszaPlaskovickaja/Term_paper/blob/master/data//9165--прыжки--MVI_9875.mp4?raw=true
ipsi-contra,https://github.com/ToszaPlaskovickaja/Term_paper/blob/master/data/9209--пинать--MVI_9938.mp4?raw=true
ipsi-contra,https://github.com/ToszaPlaskovickaja/Term_paper/blob/master/data//9213--похищение ;ребенка;--MVI_9955.mp4?raw=true
high-low,https://github.com/ToszaPlaskovickaja/Term_paper/blob/master/data/9215--убить--MVI_9958.mp4?raw=true
near-far,https://github.com/ToszaPlaskovickaja/Term_paper/blob/master/data//9233--целовать--MVI_9982.mp4?raw=true
NA,https://github.com/ToszaPlaskovickaja/Term_paper/blob/master/data/9247--стоять на коленях--MVI_0007.mp4?raw=true
NA,https://github.com/ToszaPlaskovickaja/Term_paper/blob/master/data//9253--вязать--MVI_0015.mp4?raw=true
far-near,https://github.com/ToszaPlaskovickaja/Term_paper/blob/master/data/9257--свалить--MVI_0020.mp4?raw=true
high-low,https://github.com/ToszaPlaskovickaja/Term_paper/blob/master/data//9280--недоставать--недоставать.mp4?raw=true
proxi-distal,https://github.com/ToszaPlaskovickaja/Term_paper/blob/master/data/9300--приземлиться--приземлиться.mp4?raw=true
near-far,https://github.com/ToszaPlaskovickaja/Term_paper/blob/master/data//9316--продолжаться--продолжаться.mp4?raw=true
ipsi-contra,https://github.com/ToszaPlaskovickaja/Term_paper/blob/master/data/9339--уложить--уложить.mp4?raw=true
proxi-distal,https://github.com/ToszaPlaskovickaja/Term_paper/blob/master/data/9349--вести за собой--вести за собой.mp4?raw=true
near-far,https://github.com/ToszaPlaskovickaja/Term_paper/blob/master/data/9360--прыгать--прыгать.mp4?raw=true
high-low,https://github.com/ToszaPlaskovickaja/Term_paper/blob/master/data/9361--учить--учить.mp4?raw=true
proxi-distal,https://github.com/ToszaPlaskovickaja/Term_paper/blob/master/data/9374--уезжать--уезжать.mp4?raw=true
near-far,https://github.com/ToszaPlaskovickaja/Term_paper/blob/master/data/9376--читать лекцию--читать лекцию.mp4?raw=true
proxi-distal,https://github.com/ToszaPlaskovickaja/Term_paper/blob/master/data/9402--одалживать--одалживать.mp4?raw=true
distal-proxi,https://github.com/ToszaPlaskovickaja/Term_paper/blob/master/data/9402--одалживать--.mp4?raw=true
high-low,https://github.com/ToszaPlaskovickaja/Term_paper/blob/master/data/9425--связывать кого-то с кем-то--связывать кого-то с кем-то.mp4?raw=true
proxi-distal,https://github.com/ToszaPlaskovickaja/Term_paper/blob/master/data/9439--ЛОЖЬ--ЛОЖЬ.mp4?raw=true
far-near,https://github.com/ToszaPlaskovickaja/Term_paper/blob/master/data/9441--лежать--лежать.mp4?raw=true
low-high,https://github.com/ToszaPlaskovickaja/Term_paper/blob/master/data/9449--приподнять--приподнять.mp4?raw=true
far-near,https://github.com/ToszaPlaskovickaja/Term_paper/blob/master/data/9467--нравиться--нравиться.mp4?raw=true
high-low,https://github.com/ToszaPlaskovickaja/Term_paper/blob/master/data/9486--хромать--хромать.mp4?raw=true
far-near,https://github.com/ToszaPlaskovickaja/Term_paper/blob/master/data/9511--слушать--слушать.mp4?raw=true
far-near,https://github.com/ToszaPlaskovickaja/Term_paper/blob/master/data//9523--жизнь--жизнь (3).mp4?raw=true
far-near,https://github.com/ToszaPlaskovickaja/Term_paper/blob/master/data/9536--ненавидеть--ненавидеть.mp4?raw=true
ipsi-contra,https://github.com/ToszaPlaskovickaja/Term_paper/blob/master/data/9536--ненавидеть--ненавидеть (2).mp4?raw=true
high-low,https://github.com/ToszaPlaskovickaja/Term_paper/blob/master/data//9546--запирать--запирать.mp4?raw=true
proxi-distal,https://github.com/ToszaPlaskovickaja/Term_paper/blob/master/data/9571--глядеть--глядеть.mp4?raw=true
near-far,https://github.com/ToszaPlaskovickaja/Term_paper/blob/master/data/9573--смотреть--смотреть.mp4?raw=true
far-near,https://github.com/ToszaPlaskovickaja/Term_paper/blob/master/data/9574--искать--искать.mp4?raw=true
proxi-distal,https://github.com/ToszaPlaskovickaja/Term_paper/blob/master/data/9579--исчезнуть--.mp4?raw=true
high-low,https://github.com/ToszaPlaskovickaja/Term_paper/blob/master/data/9589--любить--любить.mp4?raw=true
high-low,https://github.com/ToszaPlaskovickaja/Term_paper/blob/master/data/9600--опустить--опустить.mp4?raw=true
far-near,https://github.com/ToszaPlaskovickaja/Term_paper/blob/master/data/9616--соблазнять--соблазнять.mp4?raw=true
low-high,https://github.com/ToszaPlaskovickaja/Term_paper/blob/master/data/9682--поддерживать--поддерживать (2).mp4?raw=true
in situ,https://github.com/ToszaPlaskovickaja/Term_paper/blob/master/data/9687--целоваться--целоваться.mp4?raw=true
proxi-distal,https://github.com/ToszaPlaskovickaja/Term_paper/blob/master/data/9710--управлять--управлять.mp4?raw=true
distal-proxi,https://github.com/ToszaPlaskovickaja/Term_paper/blob/master/data/9770--жениться--MVI_0782.mp4?raw=true
high-low,https://github.com/ToszaPlaskovickaja/Term_paper/blob/master/data/9800--подходить--MVI_0818.mp4?raw=true
near-far,https://github.com/ToszaPlaskovickaja/Term_paper/blob/master/data/9839--измерять--MVI_0873.mp4?raw=true
ipsi-contra,https://github.com/ToszaPlaskovickaja/Term_paper/blob/master/data/9887--встречаться--MVI_0939.mp4?raw=true
far-near,"https://github.com/ToszaPlaskovickaja/Term_paper/blob/master/data//9902--запоминать, учить наизусть--MVI_0959.mp4?raw=true"
